{"labels": [2, 2, 2, 13, 2, 2, 2, 2, 2, 2, 2, 2, 2, 2, 2, 56, 2, 2, 2, 2, 2, 2, 2, 2, 13, 2, 2, 2, 2, 2, 2, 2, 2, 2, 2, 2, 2, 2, 2, 0, 2, 2, 28, 2, 56, 7, 7, 0, 2, 2, 7, 2, 0, 2, 2, 2, 2], "scores": [0.9887592792510986, 0.9871671795845032, 0.9832381010055542, 0.9777835011482239, 0.9713115692138672, 0.967853307723999, 0.9594205021858215, 0.9592693448066711, 0.9568449258804321, 0.9510256052017212, 0.9459502100944519, 0.9440241456031799, 0.9331061244010925, 0.8664072751998901, 0.8268951177597046, 0.7777959704399109, 0.7537134885787964, 0.7164983749389648, 0.6010613441467285, 0.5917811989784241, 0.5541213154792786, 0.543634295463562, 0.47676971554756165, 0.4612762928009033, 0.4165880084037781, 0.4007655382156372, 0.3433505594730377, 0.288153737783432, 0.2611721158027649, 0.258483350276947, 0.256222665309906, 0.25582119822502136, 0.21057136356830597, 0.20400971174240112, 0.19736944139003754, 0.15008622407913208, 0.1484566181898117, 0.14764687418937683, 0.1418108493089676, 0.13529366254806519, 0.13262972235679626, 0.12577106058597565, 0.11522092670202255, 0.11072420328855515, 0.10122420638799667, 0.09769096225500107, 0.09678380191326141, 0.08840323984622955, 0.08132472634315491, 0.07626841962337494, 0.07437122613191605, 0.07313145697116852, 0.07182790338993073, 0.06468001753091812, 0.06310413777828217, 0.05163675919175148, 0.05159032344818115], "bboxes": [[609.6502075195312, 113.80648803710938, 634.5110473632812, 136.95187377929688], [481.77325439453125, 110.48082733154297, 522.4600219726562, 130.4065704345703], [1.0174758434295654, 112.1454086303711, 60.43359375, 144.17347717285156], [219.2080841064453, 174.56326293945312, 460.1090393066406, 377.04852294921875], [294.6242980957031, 117.0361099243164, 378.0223693847656, 150.55056762695312], [396.3335266113281, 111.20372009277344, 432.49066162109375, 132.7281036376953], [590.97900390625, 110.8022689819336, 615.4013061523438, 126.49319458007812], [267.5796813964844, 105.68582153320312, 328.8181457519531, 128.2289276123047], [166.8564910888672, 108.00704956054688, 219.09591674804688, 140.19497680664062], [189.76626586914062, 109.80186462402344, 300.3084411621094, 153.78207397460938], [429.8246154785156, 105.65409851074219, 482.73797607421875, 132.37701416015625], [555.00048828125, 109.78438568115234, 592.7634887695312, 127.8094253540039], [59.679718017578125, 93.18289184570312, 83.4534683227539, 106.24222564697266], [97.84392547607422, 89.65424346923828, 118.17221069335938, 101.0120849609375], [143.8998565673828, 96.18754577636719, 164.60211181640625, 104.97940063476562], [372.6539001464844, 136.14268493652344, 432.0540466308594, 188.44602966308594], [85.59087371826172, 89.94473266601562, 98.89347839355469, 98.5283203125], [97.8281021118164, 90.74374389648438, 110.29948425292969, 99.73799133300781], [223.5781707763672, 98.51820373535156, 249.8446807861328, 107.5096206665039], [168.92938232421875, 95.94844055175781, 182.84413146972656, 105.69560241699219], [135.02101135253906, 90.87364959716797, 150.6084442138672, 102.79833984375], [0.0, 111.52210998535156, 14.532377243041992, 125.85049438476562], [553.897216796875, 116.17024993896484, 562.6024169921875, 126.38949584960938], [375.8099670410156, 119.58008575439453, 382.3763732910156, 132.1144561767578], [372.06036376953125, 136.31614685058594, 432.1949157714844, 187.1649169921875], [137.92247009277344, 93.79617309570312, 154.49356079101562, 104.65933990478516], [555.0093994140625, 110.95183563232422, 574.9265747070312, 126.91190338134766], [554.0429077148438, 100.95897674560547, 561.2982177734375, 110.92683410644531], [614.74267578125, 101.9876708984375, 635.4837646484375, 112.59355926513672], [570.7601318359375, 109.67897033691406, 590.2880859375, 127.24891662597656], [0.47772860527038574, 111.5688705444336, 22.494184494018555, 142.62289428710938], [375.09405517578125, 111.69766235351562, 420.5255126953125, 133.69186401367188], [262.7353515625, 107.56327819824219, 326.7671813964844, 143.9230499267578], [79.12879180908203, 90.37907409667969, 100.24845123291016, 101.0824966430664], [609.314208984375, 113.30961608886719, 625.9605102539062, 125.34237670898438], [135.3040771484375, 92.37569427490234, 164.0794219970703, 104.9920654296875], [67.35609436035156, 88.50138092041016, 82.98475646972656, 97.39419555664062], [540.8515014648438, 113.84860229492188, 561.8554077148438, 126.19842529296875], [351.73126220703125, 109.4322509765625, 439.30108642578125, 134.81959533691406], [375.34844970703125, 119.17218017578125, 381.9512939453125, 134.46115112304688], [96.31275177001953, 89.8770980834961, 153.28382873535156, 101.77601623535156], [45.44996643066406, 117.44647979736328, 61.895565032958984, 144.27369689941406], [91.32573699951172, 107.15507507324219, 106.03001403808594, 119.7771987915039], [606.408447265625, 112.21566009521484, 618.9347534179688, 124.9570541381836], [218.39761352539062, 175.13714599609375, 462.1094970703125, 365.5458984375], [188.20062255859375, 109.94497680664062, 300.46905517578125, 156.33502197265625], [427.74554443359375, 105.11576843261719, 483.45556640625, 132.943603515625], [532.3626098632812, 109.55659484863281, 540.5264892578125, 125.2234115600586], [102.14838409423828, 93.6143569946289, 141.0809783935547, 101.59822082519531], [398.36517333984375, 112.08515930175781, 409.388671875, 132.89743041992188], [294.51434326171875, 117.64237213134766, 378.6288757324219, 150.4642333984375], [539.2454833984375, 112.39402770996094, 548.756591796875, 121.96471405029297], [361.1240234375, 109.0493392944336, 368.625, 122.4831771850586], [609.1588134765625, 104.01428985595703, 635.4734497070312, 126.7732162475586], [3.7598836421966553, 98.57440185546875, 74.5827407836914, 135.15133666992188], [168.1673583984375, 91.42927551269531, 220.26666259765625, 107.95474243164062], [70.96942901611328, 90.26908874511719, 105.3951187133789, 103.82617950439453]]}