{"labels": [13, 2, 2, 2, 2, 2, 2, 2, 2, 2, 2, 2, 2, 56, 2, 2, 2, 2, 13, 2, 2, 2, 2, 2, 2, 2, 2, 2, 2, 2, 7, 2, 7, 17, 2, 2, 56, 2, 2, 2, 2, 2, 2, 2, 2, 2, 2, 2, 2, 2, 2, 2, 0, 0, 2, 2, 7, 2, 2, 0, 7, 7, 20, 9, 2, 7, 2, 2, 2, 0, 2, 2, 2, 2, 2, 7, 0, 2, 2, 2, 2, 2, 7, 2, 2, 2, 2, 2, 1, 2, 3, 2, 2, 2, 2, 2, 0, 2, 2, 2], "scores": [0.8762204647064209, 0.8470702767372131, 0.8146421909332275, 0.7834422588348389, 0.769816517829895, 0.7641202807426453, 0.7534663081169128, 0.741665244102478, 0.7138853669166565, 0.665378749370575, 0.6610105037689209, 0.6525007486343384, 0.5892013907432556, 0.5847905874252319, 0.535301148891449, 0.5328623652458191, 0.4990309178829193, 0.4576430916786194, 0.43150439858436584, 0.40410518646240234, 0.38308945298194885, 0.37874600291252136, 0.3644857704639435, 0.35395070910453796, 0.3507288694381714, 0.34831830859184265, 0.3180539011955261, 0.3094705641269684, 0.30649688839912415, 0.3031957447528839, 0.2957891821861267, 0.2945270538330078, 0.2876553535461426, 0.27423930168151855, 0.2727784812450409, 0.27158239483833313, 0.2634130120277405, 0.2628086507320404, 0.2582266330718994, 0.2560899257659912, 0.25516602396965027, 0.24913986027240753, 0.2428022176027298, 0.23594151437282562, 0.23527728021144867, 0.22650854289531708, 0.2244163304567337, 0.2181123048067093, 0.21550053358078003, 0.21195220947265625, 0.2107868790626526, 0.20853669941425323, 0.20684301853179932, 0.20536628365516663, 0.2014084756374359, 0.20124948024749756, 0.2003370225429535, 0.1959509700536728, 0.19056738913059235, 0.1896224468946457, 0.18865767121315002, 0.18487977981567383, 0.18228790163993835, 0.18192100524902344, 0.1801508218050003, 0.17914964258670807, 0.17803235352039337, 0.17750586569309235, 0.17711076140403748, 0.1765076220035553, 0.17639696598052979, 0.17536622285842896, 0.1713530421257019, 0.17089992761611938, 0.17088638246059418, 0.17086848616600037, 0.16818098723888397, 0.16807907819747925, 0.16691629588603973, 0.16186374425888062, 0.16071514785289764, 0.15822216868400574, 0.15679100155830383, 0.1561538428068161, 0.1554657518863678, 0.1549786478281021, 0.15451695024967194, 0.15435093641281128, 0.1541863977909088, 0.15257896482944489, 0.15255580842494965, 0.1523984968662262, 0.15234367549419403, 0.1515655517578125, 0.15149377286434174, 0.15104520320892334, 0.15089602768421173, 0.1508728414773941, 0.14901824295520782, 0.14878782629966736], "bboxes": [[217.5462188720703, 172.8195343017578, 457.94830322265625, 385.8155822753906], [294.2493591308594, 117.38343048095703, 377.6490783691406, 150.17762756347656], [481.1444396972656, 110.41728973388672, 523.0305786132812, 130.13223266601562], [430.4355163574219, 105.69538116455078, 483.9399108886719, 132.70091247558594], [190.51132202148438, 109.9583740234375, 296.1472473144531, 154.56822204589844], [398.3010559082031, 110.56651306152344, 433.40118408203125, 133.1090087890625], [608.73828125, 112.24362182617188, 635.74853515625, 137.40512084960938], [0.657609760761261, 111.15001678466797, 62.055477142333984, 144.8116912841797], [590.8919067382812, 110.14315795898438, 617.26220703125, 126.70411682128906], [167.72146606445312, 109.68622589111328, 212.23756408691406, 139.68304443359375], [570.8548583984375, 109.99851989746094, 593.079345703125, 127.53661346435547], [268.24542236328125, 106.03126525878906, 326.83935546875, 129.51983642578125], [60.28667449951172, 92.96755981445312, 84.6187973022461, 106.45059967041016], [371.86541748046875, 135.38345336914062, 432.53485107421875, 187.84628295898438], [98.10916137695312, 89.1968765258789, 117.67411804199219, 100.5459213256836], [137.23365783691406, 93.62698364257812, 159.23281860351562, 104.24314880371094], [598.7207641601562, 110.42313385009766, 626.6234741210938, 130.82818603515625], [374.5984802246094, 111.90686798095703, 429.1299133300781, 133.70785522460938], [371.7366943359375, 135.6398162841797, 433.1878967285156, 187.94815063476562], [552.6904907226562, 107.38875579833984, 592.3538818359375, 127.6772689819336], [271.4070739746094, 108.57430267333984, 343.16754150390625, 142.2956085205078], [143.19346618652344, 96.28632354736328, 164.78182983398438, 105.47579956054688], [82.68628692626953, 89.60731506347656, 99.10076141357422, 98.9138412475586], [96.80411529541016, 90.31078338623047, 109.97023010253906, 100.11666107177734], [0.3787641227245331, 111.64289855957031, 15.249672889709473, 126.69794464111328], [134.03192138671875, 91.40928649902344, 150.15802001953125, 101.78213500976562], [168.99244689941406, 95.7183609008789, 182.47328186035156, 104.54088592529297], [221.9729766845703, 97.93684387207031, 245.4534454345703, 107.55628204345703], [375.2206115722656, 115.93206787109375, 408.7981262207031, 133.85845947265625], [89.18122100830078, 89.09092712402344, 106.7383804321289, 99.33425903320312], [430.4355163574219, 105.69538116455078, 483.9399108886719, 132.70091247558594], [45.81519317626953, 115.79113006591797, 61.54819107055664, 143.22186279296875], [187.78924560546875, 110.396728515625, 297.9621276855469, 155.82192993164062], [371.9866943359375, 134.60690307617188, 432.7624816894531, 187.63433837890625], [0.375377893447876, 111.59163665771484, 23.142580032348633, 144.34815979003906], [135.08303833007812, 94.7315673828125, 149.37184143066406, 104.4455337524414], [216.95339965820312, 173.5125274658203, 457.7366943359375, 385.93603515625], [63.94976043701172, 90.163330078125, 82.65631103515625, 102.35749816894531], [223.37608337402344, 100.01734161376953, 235.97225952148438, 106.95500183105469], [553.9268188476562, 102.14617156982422, 561.3837890625, 110.57677459716797], [614.8347778320312, 102.03816223144531, 633.5738525390625, 112.68177032470703], [534.9728393554688, 112.99616241455078, 543.3026733398438, 123.29451751708984], [536.4655151367188, 110.50005340576172, 544.3861083984375, 119.54839324951172], [554.3523559570312, 112.32431030273438, 580.539306640625, 126.98882293701172], [542.8872680664062, 115.09354400634766, 560.1774291992188, 125.92601776123047], [133.6017608642578, 92.717041015625, 143.04452514648438, 102.69536590576172], [537.9700927734375, 113.22415924072266, 546.7861328125, 122.60907745361328], [610.48095703125, 107.48735809326172, 635.1529541015625, 128.38002014160156], [227.80072021484375, 100.4386978149414, 238.78903198242188, 107.50969696044922], [550.6688842773438, 116.25785827636719, 561.099853515625, 126.18092346191406], [288.4609069824219, 105.31397247314453, 326.0286865234375, 118.70535278320312], [107.73248291015625, 91.4282455444336, 118.91157531738281, 101.26993560791016], [242.63087463378906, 115.04399108886719, 252.22653198242188, 124.31729125976562], [334.1084899902344, 120.88944244384766, 339.6253356933594, 127.00303649902344], [399.98724365234375, 110.35037994384766, 428.1202697753906, 121.91303253173828], [239.9344482421875, 101.03791046142578, 248.7893524169922, 107.81139373779297], [555.4395141601562, 109.72500610351562, 592.2655639648438, 127.86054992675781], [104.68927764892578, 88.47388458251953, 135.84559631347656, 102.000732421875], [129.5213165283203, 90.79691314697266, 153.42904663085938, 105.0134506225586], [330.0826110839844, 120.51131439208984, 335.1210021972656, 126.68733978271484], [481.8824462890625, 110.92992401123047, 523.8258056640625, 131.5590362548828], [268.24542236328125, 106.03126525878906, 326.83935546875, 129.51983642578125], [371.8435363769531, 134.87725830078125, 432.92620849609375, 187.55894470214844], [571.9668579101562, 83.5492935180664, 577.3048706054688, 91.54853820800781], [540.4122314453125, 114.04378509521484, 553.980712890625, 124.09974670410156], [60.39103698730469, 92.47822570800781, 84.82514953613281, 106.00769805908203], [70.38948822021484, 92.63565063476562, 86.6808853149414, 103.8163833618164], [255.4285888671875, 108.29084014892578, 303.2982177734375, 130.00270080566406], [220.1235809326172, 100.67989349365234, 240.8280029296875, 108.58556365966797], [338.84503173828125, 121.14070892333984, 344.38604736328125, 127.33208465576172], [172.934814453125, 105.88700866699219, 